{
  "3": {
    "silhouette": 0.1585434526205063,
    "loss": 961.010042373091,
    "sizes": {
      "0": 1682,
      "1": 1156,
      "2": 2112
    }
  },
  "4": {
    "silhouette": 0.1555677205324173,
    "loss": 901.4585052244365,
    "sizes": {
      "0": 1626,
      "1": 1051,
      "2": 728,
      "3": 1545
    }
  },
  "5": {
    "silhouette": 0.1608726680278778,
    "loss": 872.1362054795027,
    "sizes": {
      "0": 1263,
      "1": 908,
      "2": 820,
      "3": 1078,
      "4": 881
    }
  },
  "6": {
    "silhouette": 0.14880383014678955,
    "loss": 841.8480214066803,
    "sizes": {
      "0": 1209,
      "1": 863,
      "2": 720,
      "3": 623,
      "4": 848,
      "5": 687
    }
  }
}