{
  "3": {
    "silhouette": 0.15430596470832825,
    "loss": 986.9176756702363,
    "sizes": {
      "0": 1695,
      "1": 1069,
      "2": 2186
    }
  },
  "4": {
    "silhouette": 0.1882132887840271,
    "loss": 916.6503601968288,
    "sizes": {
      "0": 1268,
      "1": 1625,
      "2": 1001,
      "3": 1056
    }
  },
  "5": {
    "silhouette": 0.1750020980834961,
    "loss": 873.6902849376202,
    "sizes": {
      "0": 1059,
      "1": 1120,
      "2": 949,
      "3": 851,
      "4": 971
    }
  },
  "6": {
    "silhouette": 0.18597935140132904,
    "loss": 844.0528953336179,
    "sizes": {
      "0": 941,
      "1": 448,
      "2": 751,
      "3": 958,
      "4": 1040,
      "5": 812
    }
  }
}