{
  "3": {
    "silhouette": 0.13493795692920685,
    "davies_bouldin": 2.0008233647787463,
    "calinski_harabasz": 1178.4058008744364,
    "loss": 1074.5655956156552,
    "sizes": {
      "0": 1088,
      "1": 2148,
      "2": 1714
    }
  },
  "4": {
    "silhouette": 0.12770912051200867,
    "davies_bouldin": 2.1639856094257355,
    "calinski_harabasz": 997.3449606567144,
    "loss": 1004.938899833709,
    "sizes": {
      "0": 942,
      "1": 1503,
      "2": 1479,
      "3": 1026
    }
  },
  "5": {
    "silhouette": 0.12985295057296753,
    "davies_bouldin": 2.1569770872181175,
    "calinski_harabasz": 909.0322887203959,
    "loss": 969.5573982074857,
    "sizes": {
      "0": 1437,
      "1": 775,
      "2": 1130,
      "3": 657,
      "4": 951
    }
  },
  "6": {
    "silhouette": 0.11702986806631088,
    "davies_bouldin": 2.1840674454146316,
    "calinski_harabasz": 756.3184801423951,
    "loss": 929.4389332644641,
    "sizes": {
      "0": 691,
      "1": 1103,
      "2": 921,
      "3": 620,
      "4": 813,
      "5": 802
    }
  }
}