{
  "3": {
    "silhouette": 0.16338901221752167,
    "davies_bouldin": 2.036263153500895,
    "calinski_harabasz": 1396.5264960705222,
    "loss": 1119.6657146327198,
    "sizes": {
      "0": 1051,
      "1": 1342,
      "2": 2557
    }
  },
  "4": {
    "silhouette": 0.16978614032268524,
    "davies_bouldin": 1.7891731169911855,
    "calinski_harabasz": 1154.490172419953,
    "loss": 1029.604128304869,
    "sizes": {
      "0": 849,
      "1": 1198,
      "2": 1873,
      "3": 1030
    }
  },
  "5": {
    "silhouette": 0.15499860048294067,
    "davies_bouldin": 2.186985047325579,
    "calinski_harabasz": 1033.4244692551,
    "loss": 977.1269658282399,
    "sizes": {
      "0": 833,
      "1": 1126,
      "2": 998,
      "3": 853,
      "4": 1140
    }
  },
  "6": {
    "silhouette": 0.14637334644794464,
    "davies_bouldin": 2.288113213845904,
    "calinski_harabasz": 956.2974025439638,
    "loss": 944.675479657948,
    "sizes": {
      "0": 670,
      "1": 887,
      "2": 1046,
      "3": 840,
      "4": 409,
      "5": 1098
    }
  }
}